Ref,Val,Package,PosX,PosY,Rot,Side
"D1","LED","LED_0805_2012Metric_Pad1.15x1.40mm_HandSolder",5.461260,-4.133858,90.000000,top
"D2","LED","LED_0805_2012Metric_Pad1.15x1.40mm_HandSolder",5.590551,-4.133858,90.000000,top
"D3","LED","LED_0805_2012Metric_Pad1.15x1.40mm_HandSolder",5.716535,-4.133858,90.000000,top
"D4","LED","LED_0805_2012Metric_Pad1.15x1.40mm_HandSolder",5.850394,-4.133858,90.000000,top
"D5","LED","LED_0805_2012Metric_Pad1.15x1.40mm_HandSolder",5.984252,-4.133858,90.000000,top
"IC1","IS42S16320D-7TL","TSOP-II-54_22.2x10.16mm_P0.8mm",8.240157,-3.456693,180.000000,top
"IC2","IS42S16320D-7TL","TSOP-II-54_22.2x10.16mm_P0.8mm",7.539370,-3.803150,180.000000,top
"IC3","SN74CB3T3245PW","TSSOP-20_4.4x6.5mm_P0.65mm",8.452756,-4.236220,90.000000,top
"IC4","SN74CB3T3245PW","TSSOP-20_4.4x6.5mm_P0.65mm",8.090551,-4.232283,90.000000,top
"IC5","SN74CB3T3245PW","TSSOP-20_4.4x6.5mm_P0.65mm",6.929134,-4.350394,0.000000,top
"IC6","SN74CB3T3245PW","TSSOP-20_4.4x6.5mm_P0.65mm",6.929134,-4.015748,0.000000,top
"R16","33R NOMINAL","R_0805_2012Metric_Pad1.20x1.40mm_HandSolder",6.566929,-2.984252,0.000000,top
"R18","33R NOMINAL","R_0805_2012Metric_Pad1.20x1.40mm_HandSolder",4.960630,-3.220472,180.000000,top
"R19","33R NOMINAL","R_0805_2012Metric_Pad1.20x1.40mm_HandSolder",4.960630,-3.102362,180.000000,top
"R20","33R NOMINAL","R_0805_2012Metric_Pad1.20x1.40mm_HandSolder",6.622047,-3.740157,45.000000,top
"U4","XC95288XL-10TQG144I","TQFP-144_20x20mm_P0.5mm",5.866142,-3.169291,-45.000000,top
"U5","29F800C-TSOP-48","TSOP-I-48_18.4x12mm_P0.5mm",7.785433,-2.283465,-90.000000,top
