Ref,Val,Package,PosX,PosY,Rot,Side
"C1","10u","C_0805_2012Metric_Pad1.18x1.45mm_HandSolder",4.700787,-4.259843,-90.000000,bottom
"C2","100n","C_0805_2012Metric_Pad1.18x1.45mm_HandSolder",5.125984,-4.259843,-90.000000,bottom
"C3","10u","C_0805_2012Metric_Pad1.18x1.45mm_HandSolder",4.267717,-2.094488,180.000000,bottom
"C4","100n","C_0805_2012Metric_Pad1.18x1.45mm_HandSolder",4.037894,-2.094488,0.000000,bottom
"C5","330p","C_0805_2012Metric_Pad1.18x1.45mm_HandSolder",4.409449,-2.455217,90.000000,bottom
"C6","100n","C_0805_2012Metric_Pad1.18x1.45mm_HandSolder",4.244094,-2.708661,180.000000,bottom
"C7","100n","C_0805_2012Metric_Pad1.18x1.45mm_HandSolder",3.834646,-2.622047,180.000000,bottom
"C8","100n","C_0805_2012Metric_Pad1.18x1.45mm_HandSolder",2.133858,-2.937008,-90.000000,bottom
"C9","100n","C_0805_2012Metric_Pad1.18x1.45mm_HandSolder",3.220472,-2.937008,-90.000000,bottom
"C10","10u","C_0805_2012Metric_Pad1.18x1.45mm_HandSolder",3.204724,-1.874016,0.000000,bottom
"C11","100n","C_0805_2012Metric_Pad1.18x1.45mm_HandSolder",2.094488,-1.880413,90.000000,bottom
"C12","100n","C_0805_2012Metric_Pad1.18x1.45mm_HandSolder",8.259843,-3.456693,-90.000000,bottom
"C13","100n","C_0805_2012Metric_Pad1.18x1.45mm_HandSolder",7.549705,-3.889764,0.000000,bottom
"C14","100n","C_0805_2012Metric_Pad1.18x1.45mm_HandSolder",8.283465,-4.267717,-90.000000,bottom
"C15","100n","C_0805_2012Metric_Pad1.18x1.45mm_HandSolder",7.913386,-4.157480,-90.000000,bottom
"C16","100n","C_0805_2012Metric_Pad1.18x1.45mm_HandSolder",7.173228,-4.236220,0.000000,bottom
"C17","100n","C_0805_2012Metric_Pad1.18x1.45mm_HandSolder",6.984252,-3.834646,180.000000,bottom
"C18","100n","C_0805_2012Metric_Pad1.18x1.45mm_HandSolder",5.913386,-3.559055,-135.000000,bottom
"C19","10u","C_0805_2012Metric_Pad1.18x1.45mm_HandSolder",6.259843,-3.188976,-135.000000,bottom
"C20","100n","C_0805_2012Metric_Pad1.18x1.45mm_HandSolder",5.543307,-3.220472,-45.000000,bottom
"C22","10u","C_0805_2012Metric_Pad1.18x1.45mm_HandSolder",5.897638,-2.803150,-45.000000,bottom
"C23","100n","C_0805_2012Metric_Pad1.18x1.45mm_HandSolder",7.755906,-2.440945,180.000000,bottom
"C24","100n","C_0805_2012Metric_Pad1.18x1.45mm_HandSolder",7.212598,-2.826772,180.000000,bottom
"C25","100n","C_0805_2012Metric_Pad1.18x1.45mm_HandSolder",3.069390,-3.511811,180.000000,bottom
"R1","33R NOMINAL","R_0805_2012Metric_Pad1.20x1.40mm_HandSolder",2.976378,-3.307087,180.000000,bottom
"R2","2k2","R_0805_2012Metric_Pad1.20x1.40mm_HandSolder",2.433071,-2.401575,90.000000,bottom
"R3","2k2","R_0805_2012Metric_Pad1.20x1.40mm_HandSolder",2.566929,-2.401575,90.000000,bottom
"R6","1k","R_0805_2012Metric_Pad1.20x1.40mm_HandSolder",6.062992,-4.133858,-90.000000,bottom
"R7","1k","R_0805_2012Metric_Pad1.20x1.40mm_HandSolder",5.925197,-4.133858,-90.000000,bottom
"R8","1k","R_0805_2012Metric_Pad1.20x1.40mm_HandSolder",5.791339,-4.133858,-90.000000,bottom
"R9","1k","R_0805_2012Metric_Pad1.20x1.40mm_HandSolder",5.661417,-4.133858,-90.000000,bottom
"R10","1k","R_0805_2012Metric_Pad1.20x1.40mm_HandSolder",5.527559,-4.133858,-90.000000,bottom
"R12","4k7 OPTION","R_0805_2012Metric_Pad1.20x1.40mm_HandSolder",5.905512,-2.015748,-90.000000,bottom
"R13","10k OPTION","R_0805_2012Metric_Pad1.20x1.40mm_HandSolder",5.503937,-2.015748,-90.000000,bottom
"R14","10k OPTION","R_0805_2012Metric_Pad1.20x1.40mm_HandSolder",5.637795,-2.015748,-90.000000,bottom
"R15","10k OPTION","R_0805_2012Metric_Pad1.20x1.40mm_HandSolder",5.771654,-2.015748,-90.000000,bottom
"RN1","10K","R_Array_Convex_4x0603",8.393701,-2.086614,-90.000000,bottom
"RN2","10K","R_Array_Convex_4x0603",8.125984,-1.929134,0.000000,bottom
"RN4","10K","R_Array_Convex_4x0603",2.771654,-3.078740,-90.000000,bottom
"RN5","10K","R_Array_Convex_4x0603",3.015748,-3.078740,-90.000000,bottom
"RN6","10K","R_Array_Convex_4x0603",2.866142,-2.637795,180.000000,bottom
"RN7","10K","R_Array_Convex_4x0603",2.866142,-2.385827,180.000000,bottom
"U1","LM1117-3.3","SOT-223",4.913386,-4.165354,90.000000,bottom
